year,annual_mm,jjas_mm,jjas_share,wet_area_fraction,wettest_day,wettest_day_mean_mm,valid_cells,wet_rank
1901,1014.3,743.1,73.3,21.5,1901-08-07,13.6,4964,113
1902,1046.2,796.7,76.2,21.4,1902-07-17,18.1,4964,106
1903,1168.6,865.1,74.0,23.2,1903-07-13,14.4,4964,49
1904,1008.8,747.9,74.1,21.0,1904-07-03,12.1,4964,116
1905,967.5,721.1,74.5,20.5,1905-09-12,13.4,4964,121
1906,1121.7,866.8,77.3,23.2,1906-07-23,13.4,4964,76
1907,1028.9,787.1,76.5,21.5,1907-08-02,16.1,4964,111
1908,1085.1,907.7,83.7,21.4,1908-08-02,16.4,4964,96
1909,1134.7,899.3,79.3,23.5,1909-07-17,15.4,4964,73
1910,1193.8,924.2,77.4,23.8,1910-07-05,16.8,4964,36
1911,1043.6,753.3,72.2,21.6,1911-06-12,17.7,4964,107
1912,1087.5,828.5,76.2,21.6,1912-07-20,17.0,4964,94
1913,1073.9,776.8,72.3,21.5,1913-07-18,16.7,4964,100
1914,1167.3,922.9,79.1,23.2,1914-09-18,17.6,4964,50
1915,1115.8,781.9,70.1,22.4,1915-06-26,13.9,4964,79
1916,1256.9,958.4,76.2,24.9,1916-08-06,14.0,4964,19
1917,1389.7,1024.9,73.7,28.3,1917-07-23,13.6,4964,1
1918,916.7,671.8,73.3,18.7,1918-08-24,11.0,4964,125
1919,1185.6,883.0,74.5,24.2,1919-08-02,13.8,4964,41
1920,972.6,730.8,75.1,19.9,1920-06-22,13.6,4964,120
1921,1148.2,890.4,77.5,22.2,1921-07-28,17.2,4964,66
1922,1123.9,888.1,79.0,22.7,1922-07-19,13.3,4964,75
1923,1103.1,834.9,75.7,21.7,1923-07-23,13.7,4964,84
1924,1165.5,906.0,77.7,22.8,1924-09-04,14.0,4964,52
1925,1118.3,823.8,73.7,22.6,1925-06-29,16.4,4964,77
1926,1162.0,905.4,77.9,23.3,1926-08-31,14.4,4964,56
1927,1147.5,875.9,76.3,22.9,1927-07-25,17.8,4964,67
1928,1105.3,789.7,71.4,22.7,1928-07-27,16.4,4964,82
1929,1149.2,824.1,71.7,23.2,1929-07-12,15.1,4964,63
1930,1150.7,830.7,72.2,22.8,1930-07-03,14.8,4964,61
1931,1254.5,921.3,73.4,24.4,1931-08-16,16.0,4964,21
1932,1144.7,852.8,74.5,22.4,1932-07-14,15.8,4964,69
1933,1321.8,986.2,74.6,25.8,1933-08-04,16.0,4964,4
1934,1180.7,930.6,78.8,22.8,1934-07-03,15.1,4964,44
1935,1087.7,880.4,80.9,22.0,1935-07-09,17.1,4964,92
1936,1272.2,938.2,73.8,24.8,1936-06-27,14.1,4964,14
1937,1170.8,863.9,73.8,23.1,1937-07-12,16.9,4964,48
1938,1224.6,947.9,77.4,23.9,1938-06-14,14.7,4964,32
1939,1080.5,812.7,75.2,21.1,1939-07-15,12.7,4964,97
1940,1162.9,855.7,73.6,23.1,1940-07-22,14.3,4964,55
1941,1035.1,769.0,74.3,20.4,1941-07-02,16.1,4964,109
1942,1224.7,967.5,79.0,23.1,1942-07-01,16.0,4964,31
1943,1238.0,899.1,72.6,24.5,1943-07-13,15.0,4964,27
1944,1267.4,933.7,73.7,25.1,1944-07-11,16.6,4964,15
1945,1183.3,922.9,78.0,23.0,1945-08-17,13.7,4964,42
1946,1274.9,930.5,73.0,24.5,1946-07-27,15.9,4964,13
1947,1190.8,943.4,79.2,23.1,1947-07-16,17.8,4964,39
1948,1263.0,912.0,72.2,25.1,1948-07-21,15.3,4964,17
1949,1249.5,925.4,74.1,24.3,1949-07-16,14.9,4964,24
1950,1159.6,904.6,78.0,22.4,1950-07-12,16.4,4964,58
1951,993.8,715.8,72.0,21.1,1951-07-26,15.2,4964,119
1952,1063.8,802.2,75.4,21.7,1952-07-24,16.6,4964,104
1953,1166.5,919.7,78.8,22.5,1953-08-04,18.1,4964,51
1954,1150.4,893.1,77.6,22.6,1954-07-11,15.0,4964,62
1955,1254.5,919.2,73.3,24.6,1955-10-04,16.0,4964,22
1956,1329.5,941.9,70.8,25.7,1956-07-04,16.9,4964,3
1957,1095.9,819.1,74.7,22.3,1957-07-10,13.5,4964,87
1958,1238.3,932.9,75.3,23.3,1958-07-10,16.5,4964,26
1959,1282.2,966.1,75.3,24.3,1959-07-05,19.1,4964,10
1960,1087.6,857.3,78.8,21.0,1960-07-03,15.3,4964,93
1961,1321.6,997.9,75.5,25.4,1961-07-17,15.6,4964,5
1962,1101.9,857.6,77.8,24.8,1962-07-17,16.2,4964,86
1963,1114.1,839.7,75.4,22.3,1963-08-21,15.8,4964,80
1964,1161.9,941.6,81.0,22.1,1964-07-05,17.5,4964,57
1965,926.8,716.6,77.3,18.7,1965-07-20,14.8,4964,123
1966,1017.2,762.0,74.9,20.3,1966-07-30,13.9,4964,112
1967,1103.5,859.3,77.9,22.4,1967-07-29,16.2,4964,83
1968,1008.4,760.0,75.4,20.3,1968-07-09,13.6,4964,117
1969,1075.9,830.6,77.2,20.9,1969-07-15,13.1,4964,99
1970,1192.8,955.0,80.1,23.0,1970-08-13,14.1,4964,37
1971,1177.5,890.1,75.6,23.4,1971-08-30,13.3,4964,46
1972,922.5,665.3,72.1,18.7,1972-07-07,16.6,4964,124
1973,1191.5,909.7,76.4,23.2,1973-08-09,14.2,4964,38
1974,1066.8,808.0,75.7,20.9,1974-08-04,13.5,4964,103
1975,1296.7,1001.1,77.2,24.9,1975-07-20,14.1,4964,8
1976,1135.4,890.1,78.4,22.8,1976-08-05,16.0,4964,70
1977,1260.0,889.0,70.6,25.4,1977-07-26,14.1,4964,18
1978,1225.0,927.3,75.7,25.2,1978-08-16,14.7,4964,30
1979,1032.7,716.1,69.3,21.1,1979-08-08,14.7,4964,110
1980,1180.8,924.9,78.3,23.7,1980-07-02,16.3,4964,43
1981,1145.5,872.0,76.1,23.5,1981-08-10,14.6,4964,68
1982,1089.0,765.2,70.3,23.1,1982-07-24,15.9,4964,90
1983,1303.7,971.0,74.5,25.7,1983-07-25,15.2,4964,6
1984,1148.5,867.9,75.6,21.9,1984-07-18,15.1,4964,65
1985,1134.1,809.5,71.4,22.6,1985-08-07,14.5,4964,74
1986,1113.5,774.3,69.5,22.3,1986-07-22,15.2,4964,81
1987,1088.2,746.7,68.6,21.3,1987-08-11,12.4,4964,91
1988,1299.7,1011.8,77.8,23.8,1988-07-17,18.3,4964,7
1989,1116.6,870.3,77.9,22.0,1989-07-24,19.3,4964,78
1990,1359.6,936.3,68.9,25.9,1990-08-13,14.7,4964,2
1991,1135.1,841.7,74.2,21.6,1991-08-04,13.4,4964,71
1992,1089.8,830.2,76.2,20.9,1992-07-21,17.9,4964,89
1993,1190.7,875.5,73.5,22.8,1993-07-11,18.1,4964,40
1994,1255.6,951.0,75.7,24.0,1994-07-12,15.9,4964,20
1995,1212.5,888.9,73.3,23.1,1995-09-04,16.9,4964,34
1996,1172.8,856.2,73.0,22.6,1996-08-22,15.4,4964,47
1997,1165.5,853.1,73.2,24.4,1997-08-02,16.7,4964,53
1998,1208.3,884.4,73.2,23.5,1998-07-05,12.7,4964,35
1999,1093.6,808.9,74.0,21.4,1999-07-20,16.3,4964,88
2000,1012.8,789.1,77.9,20.9,2000-07-12,14.4,4964,114
2001,1068.6,804.2,75.3,21.9,2001-06-14,16.1,4964,102
2002,934.9,696.8,74.5,19.0,2002-08-12,16.0,4964,122
2003,1165.1,897.4,77.0,22.8,2003-07-27,16.3,4964,54
2004,1053.8,767.4,72.8,20.8,2004-08-04,16.7,4964,105
2005,1219.3,874.7,71.7,22.8,2005-06-29,17.0,4964,33
2006,1155.3,889.7,77.0,21.4,2006-07-04,15.2,4964,59
2007,1178.0,943.6,80.1,21.6,2007-08-07,17.7,4964,45
2008,1155.1,894.3,77.4,23.4,2008-08-11,16.9,4964,60
2009,1006.1,729.9,72.5,19.9,2009-07-22,14.9,4964,118
2010,1250.6,927.1,74.1,23.9,2010-07-25,18.1,4964,23
2011,1148.6,928.2,80.8,23.0,2011-08-16,18.1,4964,64
2012,1069.6,836.8,78.2,21.2,2012-09-04,15.0,4964,101
2013,1240.4,933.7,75.3,23.2,2013-07-20,15.0,4964,25
2014,1037.0,773.0,74.5,20.3,2014-08-05,17.1,4964,108
2015,1078.4,767.2,71.1,21.1,2015-07-28,14.0,4964,98
2016,1102.5,864.5,78.4,21.0,2016-07-04,15.4,4964,85
2017,1135.0,851.8,75.1,21.9,2017-07-19,13.7,4964,72
2018,1012.8,802.2,79.2,19.6,2018-08-16,14.4,4964,115
2019,1277.0,969.1,75.9,23.7,2019-08-09,19.0,4964,12
2020,1286.5,966.2,75.1,24.9,2020-08-13,14.3,4964,9
2021,1237.5,872.9,70.5,24.5,2021-07-23,14.2,4964,28
2022,1266.9,928.1,73.3,23.5,2022-08-15,16.2,4964,16
2023,1087.5,816.3,75.1,21.5,2023-07-27,14.7,4964,95
2024,1226.7,951.3,77.6,22.6,2024-08-03,15.9,4964,29
2025,1278.5,927.7,72.6,24.3,2025-07-26,15.7,4964,11
